page	index	SHA	NAME	Path	URL
0	0	78cc7df2c49a0ae7363d8fbbfcb9fcc5f881dfa2	json.proto	vendor/rgooding/protobuf-php/library/DrSlump/Protobuf/Compiler/protos/json.proto	https://github.com/dmitry-fom/blockcypher/blob/59402cb343953481798ee65cae713c8d5171062e/vendor/rgooding/protobuf-php/library/DrSlump/Protobuf/Compiler/protos/json.proto
0	1	78cc7df2c49a0ae7363d8fbbfcb9fcc5f881dfa2	json.proto	src/Protobuf/library/DrSlump/Protobuf/Compiler/protos/json.proto	https://github.com/PlentyServices/travel-libs/blob/96a1cebc043da2fa46679d4e2512ddff75f9a413/src/Protobuf/library/DrSlump/Protobuf/Compiler/protos/json.proto
0	2	78cc7df2c49a0ae7363d8fbbfcb9fcc5f881dfa2	json.proto	vendor/centraldesktop/protobuf-php/library/DrSlump/Protobuf/Compiler/protos/json.proto	https://github.com/Cordeltadigital/govhack-api-proxy/blob/1e588b89ea3f5b059973203c5ec3916bd657ccfc/vendor/centraldesktop/protobuf-php/library/DrSlump/Protobuf/Compiler/protos/json.proto
0	3	4206d562592578e3769b572db66baedd6b656fe8	php.proto	vendor/rgooding/protobuf-php/library/DrSlump/Protobuf/Compiler/protos/php.proto	https://github.com/dmitry-fom/blockcypher/blob/59402cb343953481798ee65cae713c8d5171062e/vendor/rgooding/protobuf-php/library/DrSlump/Protobuf/Compiler/protos/php.proto
0	4	78cc7df2c49a0ae7363d8fbbfcb9fcc5f881dfa2	json.proto	lib/Protobuf-PHP/library/DrSlump/Protobuf/Compiler/protos/json.proto	https://github.com/maxious/ACTBus-ui/blob/1b9d40cd182cc340d9a3a6023897850aa3a9bcab/lib/Protobuf-PHP/library/DrSlump/Protobuf/Compiler/protos/json.proto
0	5	78cc7df2c49a0ae7363d8fbbfcb9fcc5f881dfa2	json.proto	web/single/lib/phprpc/DrSlump/Protobuf/Compiler/protos/json.proto	https://github.com/dao94/s1.tamquocche.com/blob/6dccc7b210988bd4fc59d07630242a5b12f6cca4/web/single/lib/phprpc/DrSlump/Protobuf/Compiler/protos/json.proto
0	6	78cc7df2c49a0ae7363d8fbbfcb9fcc5f881dfa2	json.proto	server/vendor/centraldesktop/protobuf-php/library/DrSlump/Protobuf/Compiler/protos/json.proto	https://github.com/WMBSpartahack2016/Spartahack2016/blob/bb0b526d38b9f8e38080e4a6e1dbeb35f7d6c115/server/vendor/centraldesktop/protobuf-php/library/DrSlump/Protobuf/Compiler/protos/json.proto
0	7	78cc7df2c49a0ae7363d8fbbfcb9fcc5f881dfa2	json.proto	vendor/rgooding/protobuf-php/library/DrSlump/Protobuf/Compiler/protos/json.proto	https://github.com/brianhodges/php-generatebtc/blob/e1f1bcfeeec67b4b16c7834b025546675ad22217/vendor/rgooding/protobuf-php/library/DrSlump/Protobuf/Compiler/protos/json.proto
0	8	78cc7df2c49a0ae7363d8fbbfcb9fcc5f881dfa2	json.proto	core/extend/DrSlump/Protobuf/Compiler/protos/json.proto	https://github.com/stoneZM/qixin_data_manage/blob/b1315a600d9e3aeae298731c0a90a7fedb6f77e5/core/extend/DrSlump/Protobuf/Compiler/protos/json.proto
0	9	abcc1daf33efd9fd4ca87db19776d6cba5ebb829	json.proto	Protobuf/Compiler/protos/json.proto	https://github.com/smirfolio/mica_protobuf_lib/blob/25b64acf7a29318ab791c7e437530bc1c4905c49/Protobuf/Compiler/protos/json.proto
0	10	78cc7df2c49a0ae7363d8fbbfcb9fcc5f881dfa2	json.proto	app/Classes/google/vendor/stanley-cheung/protobuf-php/library/DrSlump/Protobuf/Compiler/protos/json.proto	https://github.com/NBE4M/s4m-new-website/blob/fc160551ff2b5896ec5550e62a352cb4615d237e/app/Classes/google/vendor/stanley-cheung/protobuf-php/library/DrSlump/Protobuf/Compiler/protos/json.proto
0	11	4206d562592578e3769b572db66baedd6b656fe8	php.proto	src/Protobuf/library/DrSlump/Protobuf/Compiler/protos/php.proto	https://github.com/PlentyServices/travel-libs/blob/96a1cebc043da2fa46679d4e2512ddff75f9a413/src/Protobuf/library/DrSlump/Protobuf/Compiler/protos/php.proto
0	12	4206d562592578e3769b572db66baedd6b656fe8	php.proto	vendor/centraldesktop/protobuf-php/library/DrSlump/Protobuf/Compiler/protos/php.proto	https://github.com/Cordeltadigital/govhack-api-proxy/blob/1e588b89ea3f5b059973203c5ec3916bd657ccfc/vendor/centraldesktop/protobuf-php/library/DrSlump/Protobuf/Compiler/protos/php.proto
0	13	78cc7df2c49a0ae7363d8fbbfcb9fcc5f881dfa2	json.proto	main/UBL/src/vendor/rgooding/protobuf-php/library/DrSlump/Protobuf/Compiler/protos/json.proto	https://github.com/rayli-bot/LuckBTC/blob/77ac6f8fcaf8a469260a934782fcfd92a158c169/main/UBL/src/vendor/rgooding/protobuf-php/library/DrSlump/Protobuf/Compiler/protos/json.proto
0	14	78cc7df2c49a0ae7363d8fbbfcb9fcc5f881dfa2	json.proto	main/src/vendor/rgooding/protobuf-php/library/DrSlump/Protobuf/Compiler/protos/json.proto	https://github.com/rayli-bot/LuckBTC/blob/77ac6f8fcaf8a469260a934782fcfd92a158c169/main/src/vendor/rgooding/protobuf-php/library/DrSlump/Protobuf/Compiler/protos/json.proto
0	15	abcc1daf33efd9fd4ca87db19776d6cba5ebb829	json.proto	Protobuf/Compiler/protos/json.proto	https://github.com/obiba/obiba-protobuf/blob/ce1c531377d5489166efcee8ec7abeb470f4ac97/Protobuf/Compiler/protos/json.proto
0	16	78cc7df2c49a0ae7363d8fbbfcb9fcc5f881dfa2	json.proto	app/Classes/google/vendor/stanley-cheung/protobuf-php/library/DrSlump/Protobuf/Compiler/protos/json.proto	https://github.com/NBE4M/s4mtest/blob/38be48faa9a21dfa0dcd160115b09533e60b406a/app/Classes/google/vendor/stanley-cheung/protobuf-php/library/DrSlump/Protobuf/Compiler/protos/json.proto
0	17	3b4b9c427e95a536f9e7c1b554ff085f442801b6	CustomOptions.proto	src/test/config/proto2/CustomOptions.proto	https://github.com/Tand0/javaccProto/blob/0d0a08e799563a6b9d4e470ab0bbd8d713442c50/src/test/config/proto2/CustomOptions.proto
0	18	4206d562592578e3769b572db66baedd6b656fe8	php.proto	lib/Protobuf-PHP/library/DrSlump/Protobuf/Compiler/protos/php.proto	https://github.com/maxious/ACTBus-ui/blob/1b9d40cd182cc340d9a3a6023897850aa3a9bcab/lib/Protobuf-PHP/library/DrSlump/Protobuf/Compiler/protos/php.proto
0	19	5cad73d5e64f10a612bef313dcddd32fea9e8830	custom_options.proto	extensions/zxh404.vscode-proto3-0.3.0/example/protos/v2/custom_options.proto	https://github.com/JiangJie/vscode-sync/blob/7f51010447b3c33e2a26fa8104c5c8a5a59be9ca/extensions/zxh404.vscode-proto3-0.3.0/example/protos/v2/custom_options.proto
0	20	4206d562592578e3769b572db66baedd6b656fe8	php.proto	web/single/lib/phprpc/DrSlump/Protobuf/Compiler/protos/php.proto	https://github.com/dao94/s1.tamquocche.com/blob/6dccc7b210988bd4fc59d07630242a5b12f6cca4/web/single/lib/phprpc/DrSlump/Protobuf/Compiler/protos/php.proto
0	21	4206d562592578e3769b572db66baedd6b656fe8	php.proto	server/vendor/centraldesktop/protobuf-php/library/DrSlump/Protobuf/Compiler/protos/php.proto	https://github.com/WMBSpartahack2016/Spartahack2016/blob/bb0b526d38b9f8e38080e4a6e1dbeb35f7d6c115/server/vendor/centraldesktop/protobuf-php/library/DrSlump/Protobuf/Compiler/protos/php.proto
0	22	4206d562592578e3769b572db66baedd6b656fe8	php.proto	vendor/rgooding/protobuf-php/library/DrSlump/Protobuf/Compiler/protos/php.proto	https://github.com/brianhodges/php-generatebtc/blob/e1f1bcfeeec67b4b16c7834b025546675ad22217/vendor/rgooding/protobuf-php/library/DrSlump/Protobuf/Compiler/protos/php.proto
0	23	78cc7df2c49a0ae7363d8fbbfcb9fcc5f881dfa2	json.proto	api/vendor/centraldesktop/protobuf-php/library/DrSlump/Protobuf/Compiler/protos/json.proto	https://github.com/lbenedetto/BusyBusAPIClient/blob/88499a3d26fb929cee1e2db5bc12929d8d22e758/api/vendor/centraldesktop/protobuf-php/library/DrSlump/Protobuf/Compiler/protos/json.proto
0	24	4206d562592578e3769b572db66baedd6b656fe8	php.proto	core/extend/DrSlump/Protobuf/Compiler/protos/php.proto	https://github.com/stoneZM/qixin_data_manage/blob/b1315a600d9e3aeae298731c0a90a7fedb6f77e5/core/extend/DrSlump/Protobuf/Compiler/protos/php.proto
0	25	78cc7df2c49a0ae7363d8fbbfcb9fcc5f881dfa2	json.proto	src/Motan/PB/protos/json.proto	https://github.com/weibocom/motan-php/blob/28c1692f4769b8108dbf047b3867be927782defa/src/Motan/PB/protos/json.proto
0	26	5cad73d5e64f10a612bef313dcddd32fea9e8830	custom_options.proto	example/protos/v2/custom_options.proto	https://github.com/zxh0/vscode-proto3/blob/7fa48c3f4093b8537705207d99d42f1302620b10/example/protos/v2/custom_options.proto
0	27	78cc7df2c49a0ae7363d8fbbfcb9fcc5f881dfa2	json.proto	library/DrSlump/Protobuf/Compiler/protos/json.proto	https://github.com/drslump/Protobuf-PHP/blob/2201961982bc531a9ab22fc8a150ba815e9b6ef0/library/DrSlump/Protobuf/Compiler/protos/json.proto
0	28	80615a2459c2c216b423ae84028d3806d9c1a0df	php.proto	Protobuf/Compiler/protos/php.proto	https://github.com/smirfolio/mica_protobuf_lib/blob/25b64acf7a29318ab791c7e437530bc1c4905c49/Protobuf/Compiler/protos/php.proto
0	29	4206d562592578e3769b572db66baedd6b656fe8	php.proto	app/Classes/google/vendor/stanley-cheung/protobuf-php/library/DrSlump/Protobuf/Compiler/protos/php.proto	https://github.com/NBE4M/s4m-new-website/blob/fc160551ff2b5896ec5550e62a352cb4615d237e/app/Classes/google/vendor/stanley-cheung/protobuf-php/library/DrSlump/Protobuf/Compiler/protos/php.proto
0	30	87bd0f7a84dca147461e4a210273006a574ee936	unittest_custom_options_proto3.proto	csharp/protos/unittest_custom_options_proto3.proto	https://github.com/DavideCatto/protobuf_3.6.1/blob/497257263236e71597a09de19512f3cf1022157a/csharp/protos/unittest_custom_options_proto3.proto
0	31	abcc1daf33efd9fd4ca87db19776d6cba5ebb829	json.proto	protobuf/Protobuf/Compiler/protos/json.proto	https://github.com/obiba/protobuf-drupal7/blob/3ef4656d044592bc30b2df515f667c40bcb7b739/protobuf/Protobuf/Compiler/protos/json.proto
0	32	80615a2459c2c216b423ae84028d3806d9c1a0df	php.proto	Protobuf/Compiler/protos/php.proto	https://github.com/obiba/obiba-protobuf/blob/ce1c531377d5489166efcee8ec7abeb470f4ac97/Protobuf/Compiler/protos/php.proto
0	33	533d775750c8f6e1ca68c8ce16f40261467137c7	filter.proto	filter/filter.proto	https://github.com/wdullaer/proto-filter/blob/9bc41e67cbc1d2fd9659035204f49e4f4595f894/filter/filter.proto
0	34	4206d562592578e3769b572db66baedd6b656fe8	php.proto	main/UBL/src/vendor/rgooding/protobuf-php/library/DrSlump/Protobuf/Compiler/protos/php.proto	https://github.com/rayli-bot/LuckBTC/blob/77ac6f8fcaf8a469260a934782fcfd92a158c169/main/UBL/src/vendor/rgooding/protobuf-php/library/DrSlump/Protobuf/Compiler/protos/php.proto
0	35	4206d562592578e3769b572db66baedd6b656fe8	php.proto	main/src/vendor/rgooding/protobuf-php/library/DrSlump/Protobuf/Compiler/protos/php.proto	https://github.com/rayli-bot/LuckBTC/blob/77ac6f8fcaf8a469260a934782fcfd92a158c169/main/src/vendor/rgooding/protobuf-php/library/DrSlump/Protobuf/Compiler/protos/php.proto
0	36	4206d562592578e3769b572db66baedd6b656fe8	php.proto	app/Classes/google/vendor/stanley-cheung/protobuf-php/library/DrSlump/Protobuf/Compiler/protos/php.proto	https://github.com/NBE4M/s4mtest/blob/38be48faa9a21dfa0dcd160115b09533e60b406a/app/Classes/google/vendor/stanley-cheung/protobuf-php/library/DrSlump/Protobuf/Compiler/protos/php.proto
0	37	78cc7df2c49a0ae7363d8fbbfcb9fcc5f881dfa2	json.proto	GTFS-Realtime/DrSlump/Protobuf/Compiler/protos/json.proto	https://github.com/jestin/CivicTransit/blob/d05c3fd88293035ab01999d0d7ba3ccf84329c9c/GTFS-Realtime/DrSlump/Protobuf/Compiler/protos/json.proto
0	38	979a8650699077f0776539e9cfad7b3c631ded8f	desc_test_options.proto	internal/testprotos/desc_test_options.proto	https://github.com/jhump/protoreflect/blob/9cb68d9a8322eaaa0a3373f297da520e7b3ea326/internal/testprotos/desc_test_options.proto
0	39	78cc7df2c49a0ae7363d8fbbfcb9fcc5f881dfa2	json.proto	Lib/DrSlump/Protobuf/Compiler/protos/json.proto	https://github.com/jaredb7/OpiaRt/blob/3a4f2986a7eb618fb5484c32c4bad99e0a686bab/Lib/DrSlump/Protobuf/Compiler/protos/json.proto
0	40	78cc7df2c49a0ae7363d8fbbfcb9fcc5f881dfa2	json.proto	vendor/rgooding/protobuf-php/library/DrSlump/Protobuf/Compiler/protos/json.proto	https://github.com/halesyy/mix/blob/f2953726f02e3c11400904d23b581e140cd791df/vendor/rgooding/protobuf-php/library/DrSlump/Protobuf/Compiler/protos/json.proto
0	41	78cc7df2c49a0ae7363d8fbbfcb9fcc5f881dfa2	json.proto	change/lib/php-client/rgooding/protobuf-php/library/DrSlump/Protobuf/Compiler/protos/json.proto	https://github.com/smupyknight/codeigniter---crypto-listing/blob/adcd6191fb6c23101a55c65938f39bfa236cfd38/change/lib/php-client/rgooding/protobuf-php/library/DrSlump/Protobuf/Compiler/protos/json.proto
0	42	78cc7df2c49a0ae7363d8fbbfcb9fcc5f881dfa2	json.proto	vendor/rgooding/protobuf-php/library/DrSlump/Protobuf/Compiler/protos/json.proto	https://github.com/smupyknight/codeigniter---crypto-listing/blob/adcd6191fb6c23101a55c65938f39bfa236cfd38/vendor/rgooding/protobuf-php/library/DrSlump/Protobuf/Compiler/protos/json.proto
0	43	78cc7df2c49a0ae7363d8fbbfcb9fcc5f881dfa2	json.proto	vendor/centraldesktop/protobuf-php/library/DrSlump/Protobuf/Compiler/protos/json.proto	https://github.com/acerix/php-gsl/blob/cedf78069e2fb6503b54c3057f2a5ff414a48728/vendor/centraldesktop/protobuf-php/library/DrSlump/Protobuf/Compiler/protos/json.proto
0	44	78cc7df2c49a0ae7363d8fbbfcb9fcc5f881dfa2	json.proto	php-client/vendor/rgooding/protobuf-php/library/DrSlump/Protobuf/Compiler/protos/json.proto	https://github.com/CA-CODE-Works/DevWebBlockCertPHP/blob/c281fda127184976446296a4708303e30a93c4ab/php-client/vendor/rgooding/protobuf-php/library/DrSlump/Protobuf/Compiler/protos/json.proto
0	45	78cc7df2c49a0ae7363d8fbbfcb9fcc5f881dfa2	json.proto	core/extend/DrSlump/Protobuf/Compiler/protos/json.proto	https://github.com/mangguosun/recovery-platform/blob/16eb4071c8fc3919fff548cafeeef2fe8010c24e/core/extend/DrSlump/Protobuf/Compiler/protos/json.proto
0	46	e73e7e0cc4aa4ab55ce59468dff075e93cf41e1d	MyOptions.proto	nn_modules/protobufjs/sandbox/issue146/MyOptions.proto	https://github.com/PotWallet/PotWallet-Chain/blob/b5728de3ff44b4f9611a01e036410e91c7fec15e/nn_modules/protobufjs/sandbox/issue146/MyOptions.proto
0	47	87bd0f7a84dca147461e4a210273006a574ee936	unittest_custom_options_proto3.proto	vendor/google/protobuf/csharp/protos/unittest_custom_options_proto3.proto	https://github.com/fordantitrust/forty-eight-extract-votecode-from-image/blob/ca08bc4b46b2cd16b9cc5a6ee6dad9dc10b4765e/vendor/google/protobuf/csharp/protos/unittest_custom_options_proto3.proto
0	48	87bd0f7a84dca147461e4a210273006a574ee936	unittest_custom_options_proto3.proto	vendor/google/protobuf/csharp/protos/unittest_custom_options_proto3.proto	https://github.com/prasanth1992/stryve-ven/blob/275049f102cd4861b8e6391138f3c7903415d02c/vendor/google/protobuf/csharp/protos/unittest_custom_options_proto3.proto
0	49	87bd0f7a84dca147461e4a210273006a574ee936	unittest_custom_options_proto3.proto	third_party/protobuf/csharp/protos/unittest_custom_options_proto3.proto	https://github.com/Feanaur/microservice-practice/blob/64696c7f258e8962356087efda0e91e1328b5c77/third_party/protobuf/csharp/protos/unittest_custom_options_proto3.proto
0	50	4206d562592578e3769b572db66baedd6b656fe8	php.proto	api/vendor/centraldesktop/protobuf-php/library/DrSlump/Protobuf/Compiler/protos/php.proto	https://github.com/lbenedetto/BusyBusAPIClient/blob/88499a3d26fb929cee1e2db5bc12929d8d22e758/api/vendor/centraldesktop/protobuf-php/library/DrSlump/Protobuf/Compiler/protos/php.proto
0	51	e73e7e0cc4aa4ab55ce59468dff075e93cf41e1d	MyOptions.proto	web/assets/vendor/protobufjs/sandbox/issue146/MyOptions.proto	https://github.com/poetries/responsive-web/blob/61cfee389489ae736c782501443fe85ec60b4310/web/assets/vendor/protobufjs/sandbox/issue146/MyOptions.proto
0	52	78cc7df2c49a0ae7363d8fbbfcb9fcc5f881dfa2	json.proto	library/DrSlump/Protobuf/Compiler/protos/json.proto	https://github.com/adeildo-jr/protobuf-php/blob/529f2c3a97fce554226574962a7f3bd0f6379afb/library/DrSlump/Protobuf/Compiler/protos/json.proto
0	53	4206d562592578e3769b572db66baedd6b656fe8	php.proto	src/Motan/PB/protos/php.proto	https://github.com/weibocom/motan-php/blob/28c1692f4769b8108dbf047b3867be927782defa/src/Motan/PB/protos/php.proto
0	54	78cc7df2c49a0ae7363d8fbbfcb9fcc5f881dfa2	json.proto	protubuf/Probuf/DrSlump/Protobuf/Compiler/protos/json.proto	https://github.com/lidexiang/terry/blob/fcc0294ff91ef75f57ba37b0207888cc7ffc881c/protubuf/Probuf/DrSlump/Protobuf/Compiler/protos/json.proto
0	55	78cc7df2c49a0ae7363d8fbbfcb9fcc5f881dfa2	json.proto	trade/proto/protobuf-php/library/DrSlump/Protobuf/Compiler/protos/json.proto	https://github.com/dustdone/ro/blob/84cc615d9571a717b1b3ee6decd85101c712db83/trade/proto/protobuf-php/library/DrSlump/Protobuf/Compiler/protos/json.proto
0	56	abcc1daf33efd9fd4ca87db19776d6cba5ebb829	json.proto	CMR/profiles/mica_distribution/modules/mica/extensions/mica_protobuf/protobuf/Protobuf/Compiler/protos/json.proto	https://github.com/CBIIT/CEC-Harmonization/blob/c48aa93e5dbe95795bfbaa7a3b6eb96f919b3863/CMR/profiles/mica_distribution/modules/mica/extensions/mica_protobuf/protobuf/Protobuf/Compiler/protos/json.proto
0	57	abcc1daf33efd9fd4ca87db19776d6cba5ebb829	json.proto	CMR/profiles/mica_distribution/modules/mica_backup/extensions/mica_protobuf/protobuf/Protobuf/Compiler/protos/json.proto	https://github.com/CBIIT/CEC-Harmonization/blob/c48aa93e5dbe95795bfbaa7a3b6eb96f919b3863/CMR/profiles/mica_distribution/modules/mica_backup/extensions/mica_protobuf/protobuf/Protobuf/Compiler/protos/json.proto
0	58	78cc7df2c49a0ae7363d8fbbfcb9fcc5f881dfa2	json.proto	libs/protobuf/library/DrSlump/Protobuf/Compiler/protos/json.proto	https://github.com/oathYc/legend/blob/23ca0f43081b7975d2c8ba4236eec4df8e956f05/libs/protobuf/library/DrSlump/Protobuf/Compiler/protos/json.proto
0	59	4206d562592578e3769b572db66baedd6b656fe8	php.proto	library/DrSlump/Protobuf/Compiler/protos/php.proto	https://github.com/drslump/Protobuf-PHP/blob/2201961982bc531a9ab22fc8a150ba815e9b6ef0/library/DrSlump/Protobuf/Compiler/protos/php.proto
0	60	80615a2459c2c216b423ae84028d3806d9c1a0df	php.proto	protobuf/Protobuf/Compiler/protos/php.proto	https://github.com/obiba/protobuf-drupal7/blob/3ef4656d044592bc30b2df515f667c40bcb7b739/protobuf/Protobuf/Compiler/protos/php.proto
0	61	abcc1daf33efd9fd4ca87db19776d6cba5ebb829	json.proto	sites/all/modules/mica/extensions/mica_datasets/mica_connector/opal_php/protobuf/Protobuf/Compiler/protos/json.proto	https://github.com/smirfolio/Mica_phqe/blob/b0a123f016e458681f542d5f4106f93f8a39e3c8/sites/all/modules/mica/extensions/mica_datasets/mica_connector/opal_php/protobuf/Protobuf/Compiler/protos/json.proto
0	62	7311bbc15d581e3a5250a333d8cf8f82db42e66c	custom-options.proto	RTPVehicles/jspm_packages/npm/protobufjs@2.0.5/tests/custom-options.proto	https://github.com/hansrwindhoff/hansrwindhoff.github.io/blob/b9a3e527b015a2898a11e56db89ed9c36e494d27/RTPVehicles/jspm_packages/npm/protobufjs@2.0.5/tests/custom-options.proto
0	63	87bd0f7a84dca147461e4a210273006a574ee936	unittest_custom_options_proto3.proto	cartographer_ws/protobuf/csharp/protos/unittest_custom_options_proto3.proto	https://github.com/borninfreedom/ros/blob/94067a99960b58e7c8bf5fd69b75f3e0bf9863c4/cartographer_ws/protobuf/csharp/protos/unittest_custom_options_proto3.proto
0	64	87bd0f7a84dca147461e4a210273006a574ee936	unittest_custom_options_proto3.proto	protobuf-3.6.0/csharp/protos/unittest_custom_options_proto3.proto	https://github.com/cjsjy123/optpb2Unity/blob/b9ed443fd0fd27e607028ffad03c35ddf8398bfd/protobuf-3.6.0/csharp/protos/unittest_custom_options_proto3.proto
0	65	87bd0f7a84dca147461e4a210273006a574ee936	unittest_custom_options_proto3.proto	protobuf/csharp/protos/unittest_custom_options_proto3.proto	https://github.com/swordzxz/second/blob/bf385b0f96a7998c854c9a2f6910cfb0d49e0152/protobuf/csharp/protos/unittest_custom_options_proto3.proto
0	66	97fdc3fa4c61e4514d8a657f6a820719d1591141	test.proto	tests/test.proto	https://github.com/lizh06/src-highlite/blob/58bb465ecb7ebec8514be7d1022f04f2fdd59381/tests/test.proto
0	67	4206d562592578e3769b572db66baedd6b656fe8	php.proto	GTFS-Realtime/DrSlump/Protobuf/Compiler/protos/php.proto	https://github.com/jestin/CivicTransit/blob/d05c3fd88293035ab01999d0d7ba3ccf84329c9c/GTFS-Realtime/DrSlump/Protobuf/Compiler/protos/php.proto
0	68	87bd0f7a84dca147461e4a210273006a574ee936	unittest_custom_options_proto3.proto	third_party/protobuf/3.6.1/csharp/protos/unittest_custom_options_proto3.proto	https://github.com/FengRillian/bazel-0.21.0-dist/blob/423c35408e389fcaa76b20b98a7ebaea73dab7b4/third_party/protobuf/3.6.1/csharp/protos/unittest_custom_options_proto3.proto
0	69	78cc7df2c49a0ae7363d8fbbfcb9fcc5f881dfa2	json.proto	vendor/rgooding/protobuf-php/library/DrSlump/Protobuf/Compiler/protos/json.proto	https://github.com/kdfwow64/coins/blob/de6a46f5e9608654feef57f0b6514d228fb2123a/vendor/rgooding/protobuf-php/library/DrSlump/Protobuf/Compiler/protos/json.proto
0	70	78cc7df2c49a0ae7363d8fbbfcb9fcc5f881dfa2	json.proto	vendor/centraldesktop/protobuf-php/library/DrSlump/Protobuf/Compiler/protos/json.proto	https://github.com/jonzielen/mta-test/blob/3427e079b1d0bcb41d100c5316785a950c0a4a74/vendor/centraldesktop/protobuf-php/library/DrSlump/Protobuf/Compiler/protos/json.proto
0	71	8b834513bb0861fc41296312f3e751fe3c0a37f0	desc_test_options.proto	protoreflect/internal/testprotos/desc_test_options.proto	https://github.com/tinyhole/pblib/blob/c8b19bf7c0bd7c2b01c3841a35bf1208e53740b3/protoreflect/internal/testprotos/desc_test_options.proto
0	72	218447e9aa5d70c2b4fbb56dce860133eb7c3672	unittest_custom_options.proto	release/tensorboard/protobuf/include/google/protobuf/unittest_custom_options.proto	https://github.com/dlunion/CC5.0/blob/9a4d135ed4c30c78efd9fbc1924a8702fa1a3300/release/tensorboard/protobuf/include/google/protobuf/unittest_custom_options.proto
0	73	218447e9aa5d70c2b4fbb56dce860133eb7c3672	unittest_custom_options.proto	Carthage/Checkouts/swift-protobuf/Protos/google/protobuf/unittest_custom_options.proto	https://github.com/JoshuaSullivan/ProtobufBLE.Peripheral/blob/d897502620ba1d29b8437e371fc02671d7c2ed6b/Carthage/Checkouts/swift-protobuf/Protos/google/protobuf/unittest_custom_options.proto
0	74	218447e9aa5d70c2b4fbb56dce860133eb7c3672	unittest_custom_options.proto	3rdparty/include/google/protobuf/unittest_custom_options.proto	https://github.com/whayne1103/caffe_ocr/blob/6d08ee4bc787b78e069bc33aef60c7d185b42021/3rdparty/include/google/protobuf/unittest_custom_options.proto
0	75	218447e9aa5d70c2b4fbb56dce860133eb7c3672	unittest_custom_options.proto	src/google/protobuf/unittest_custom_options.proto	https://github.com/DavideCatto/protobuf_3.6.1/blob/497257263236e71597a09de19512f3cf1022157a/src/google/protobuf/unittest_custom_options.proto
0	76	218447e9aa5d70c2b4fbb56dce860133eb7c3672	unittest_custom_options.proto	include/protobuf/google/protobuf/unittest_custom_options.proto	https://github.com/codesafe/Poco-server-stress-test/blob/0e2db4bbd378ae82e292156669db0a9e9ead6d06/include/protobuf/google/protobuf/unittest_custom_options.proto
0	77	78cc7df2c49a0ae7363d8fbbfcb9fcc5f881dfa2	json.proto	vendor/stanley-cheung/protobuf-php/library/DrSlump/Protobuf/Compiler/protos/json.proto	https://github.com/ztobs/Google-Speech-API/blob/d62761e1c6369a5eeb668f65c406b6051920e84c/vendor/stanley-cheung/protobuf-php/library/DrSlump/Protobuf/Compiler/protos/json.proto
0	78	4206d562592578e3769b572db66baedd6b656fe8	php.proto	Lib/DrSlump/Protobuf/Compiler/protos/php.proto	https://github.com/jaredb7/OpiaRt/blob/3a4f2986a7eb618fb5484c32c4bad99e0a686bab/Lib/DrSlump/Protobuf/Compiler/protos/php.proto
0	79	4206d562592578e3769b572db66baedd6b656fe8	php.proto	vendor/rgooding/protobuf-php/library/DrSlump/Protobuf/Compiler/protos/php.proto	https://github.com/halesyy/mix/blob/f2953726f02e3c11400904d23b581e140cd791df/vendor/rgooding/protobuf-php/library/DrSlump/Protobuf/Compiler/protos/php.proto
0	80	87bd0f7a84dca147461e4a210273006a574ee936	unittest_custom_options_proto3.proto	transactionlookup/vendor/google/protobuf/csharp/protos/unittest_custom_options_proto3.proto	https://github.com/eamonwhiter73/fair/blob/eaf11c656658127ec1e1fe6aa32a46ef9d9779fa/transactionlookup/vendor/google/protobuf/csharp/protos/unittest_custom_options_proto3.proto
0	81	87bd0f7a84dca147461e4a210273006a574ee936	unittest_custom_options_proto3.proto	csharp/protos/unittest_custom_options_proto3.proto	https://github.com/tzzxqsz/protobuf/blob/6263268b8c1b78a8a9b65acd6f5dd5c04dd9b0e1/csharp/protos/unittest_custom_options_proto3.proto
0	82	4206d562592578e3769b572db66baedd6b656fe8	php.proto	vendor/centraldesktop/protobuf-php/library/DrSlump/Protobuf/Compiler/protos/php.proto	https://github.com/acerix/php-gsl/blob/cedf78069e2fb6503b54c3057f2a5ff414a48728/vendor/centraldesktop/protobuf-php/library/DrSlump/Protobuf/Compiler/protos/php.proto
0	83	4206d562592578e3769b572db66baedd6b656fe8	php.proto	change/lib/php-client/rgooding/protobuf-php/library/DrSlump/Protobuf/Compiler/protos/php.proto	https://github.com/smupyknight/codeigniter---crypto-listing/blob/adcd6191fb6c23101a55c65938f39bfa236cfd38/change/lib/php-client/rgooding/protobuf-php/library/DrSlump/Protobuf/Compiler/protos/php.proto
0	84	4206d562592578e3769b572db66baedd6b656fe8	php.proto	vendor/rgooding/protobuf-php/library/DrSlump/Protobuf/Compiler/protos/php.proto	https://github.com/smupyknight/codeigniter---crypto-listing/blob/adcd6191fb6c23101a55c65938f39bfa236cfd38/vendor/rgooding/protobuf-php/library/DrSlump/Protobuf/Compiler/protos/php.proto
0	85	4206d562592578e3769b572db66baedd6b656fe8	php.proto	php-client/vendor/rgooding/protobuf-php/library/DrSlump/Protobuf/Compiler/protos/php.proto	https://github.com/CA-CODE-Works/DevWebBlockCertPHP/blob/c281fda127184976446296a4708303e30a93c4ab/php-client/vendor/rgooding/protobuf-php/library/DrSlump/Protobuf/Compiler/protos/php.proto
0	86	4206d562592578e3769b572db66baedd6b656fe8	php.proto	core/extend/DrSlump/Protobuf/Compiler/protos/php.proto	https://github.com/mangguosun/recovery-platform/blob/16eb4071c8fc3919fff548cafeeef2fe8010c24e/core/extend/DrSlump/Protobuf/Compiler/protos/php.proto
0	87	78cc7df2c49a0ae7363d8fbbfcb9fcc5f881dfa2	json.proto	ext-libs/Protobuf-PHP/library/DrSlump/Protobuf/Compiler/protos/json.proto	https://github.com/gellweiler/app-download.org/blob/05ef49e2744b8b8596f8efcd4b6d925e3dd6540a/ext-libs/Protobuf-PHP/library/DrSlump/Protobuf/Compiler/protos/json.proto
0	88	87bd0f7a84dca147461e4a210273006a574ee936	unittest_custom_options_proto3.proto	3rd/protobuf/csharp/protos/unittest_custom_options_proto3.proto	https://github.com/SmileYaren/HYXD/blob/746ec7ccb0b5926b2b1018e8423ad3f23361e524/3rd/protobuf/csharp/protos/unittest_custom_options_proto3.proto
0	89	0fd1d491d0083e7606473c2d8e662e871558c65e	api.proto	protobuf/darkdna/api/api.proto	https://github.com/DarkDNA/protoc-gen-swagger/blob/3b0187ba8ddf867d60d41ddeba7e69ec285ab2be/protobuf/darkdna/api/api.proto
0	90	4cc0e362c56c74374b4183965ddd69834583f0cc	unittest_custom_options.proto	QtServer/google/protobuf/unittest_custom_options.proto	https://github.com/kihaseet/Alien/blob/7f5fd769e0c48a59f3e8d6160fad92041687192b/QtServer/google/protobuf/unittest_custom_options.proto
0	91	78cc7df2c49a0ae7363d8fbbfcb9fcc5f881dfa2	json.proto	assets/blockcypher/php-client/rgooding/protobuf-php/library/DrSlump/Protobuf/Compiler/protos/json.proto	https://github.com/wj-code-mania/satoshi/blob/4d78bd1bab86c8beff6c26f09e5ca899389c7831/assets/blockcypher/php-client/rgooding/protobuf-php/library/DrSlump/Protobuf/Compiler/protos/json.proto
0	92	e232e986baa365bba0329073a808e803ee85f7c1	pb_test_04.option.proto	proto/pb_test_04.option.proto	https://github.com/sailzeng/protobuf.test/blob/da1dc2cddb36adfd2de5116e812802b80b65674a/proto/pb_test_04.option.proto
0	93	78cc7df2c49a0ae7363d8fbbfcb9fcc5f881dfa2	json.proto	php/DrSlump/Protobuf/Compiler/protos/json.proto	https://github.com/JosephGarrone/flerovium/blob/7b553c9682520c41b7c91be8022b0df7ee7182ba/php/DrSlump/Protobuf/Compiler/protos/json.proto
0	94	78cc7df2c49a0ae7363d8fbbfcb9fcc5f881dfa2	json.proto	application/libraries/MTAInfo/library/DrSlump/Protobuf/Compiler/protos/json.proto	https://github.com/ConductiveIO/WebPotatoRPG/blob/370ceca2d33a19f7d1400474091b0a9d3a85199b/application/libraries/MTAInfo/library/DrSlump/Protobuf/Compiler/protos/json.proto
0	95	4206d562592578e3769b572db66baedd6b656fe8	php.proto	library/DrSlump/Protobuf/Compiler/protos/php.proto	https://github.com/adeildo-jr/protobuf-php/blob/529f2c3a97fce554226574962a7f3bd0f6379afb/library/DrSlump/Protobuf/Compiler/protos/php.proto
0	96	218447e9aa5d70c2b4fbb56dce860133eb7c3672	unittest_custom_options.proto	vendor/google/protobuf/src/google/protobuf/unittest_custom_options.proto	https://github.com/fordantitrust/forty-eight-extract-votecode-from-image/blob/ca08bc4b46b2cd16b9cc5a6ee6dad9dc10b4765e/vendor/google/protobuf/src/google/protobuf/unittest_custom_options.proto
0	97	218447e9aa5d70c2b4fbb56dce860133eb7c3672	unittest_custom_options.proto	vendor/google/protobuf/src/google/protobuf/unittest_custom_options.proto	https://github.com/prasanth1992/stryve-ven/blob/275049f102cd4861b8e6391138f3c7903415d02c/vendor/google/protobuf/src/google/protobuf/unittest_custom_options.proto
0	98	218447e9aa5d70c2b4fbb56dce860133eb7c3672	unittest_custom_options.proto	Protobuf(POC)/swift-protobuf-master/Protos/google/protobuf/unittest_custom_options.proto	https://github.com/rajeshnath3899/DemoProtobuf